<?xml version="1.0" encoding="UTF-8"?>
<beans xmlns="http://www.springframework.org/schema/beans"
       xmlns:xsi="http://www.w3.org/2001/XMLSchema-instance"
       xmlns:context="http://www.springframework.org/schema/context"
       xmlns:tx="http://www.springframework.org/schema/tx"
       xmlns:mvc="http://www.springframework.org/schema/mvc"
       xsi:schemaLocation="http://www.springframework.org/schema/beans
       http://www.springframework.org/schema/beans/spring-beans.xsd
       http://www.springframework.org/schema/context
       http://www.springframework.org/schema/context/spring-context.xsd
       http://www.springframework.org/schema/tx
       http://www.springframework.org/schema/tx/spring-tx.xsd
       http://www.springframework.org/schema/mvc
       http://www.springframework.org/schema/mvc/spring-mvc.xsd">

    <context:component-scan base-package="com.english.dictionary"/>

    <mvc:annotation-driven/>

    <bean class="org.springframework.web.servlet.view.InternalResourceViewResolver">
        <property name="prefix" value="/WEB-INF/views/"/>
        <property name="suffix" value=".jsp"/>
    </bean>

    <!--Database Information-->
    <bean id="dataSource" class="org.apache.commons.dbcp.BasicDataSource"
          destroy-method="close">
        <property name="driverClassName" value="com.mysql.jdbc.Driver"/>
        <property name="url" value="jdbc:mysql://127.0.0.1:3306/dictionary?characterEncoding=cp1251"/>
        <property name="username" value="root"/>
        <property name="password" value="root"/>
    </bean>

    <!--Hibernate 4 SessionFactory Bean definition-->
    <bean id="hibernate4AnnotatedSessionFactory" class="org.springframework.orm.hibernate5.LocalSessionFactoryBean">
        <property name="dataSource" ref="dataSource"/>
        <property name="annotatedClasses">
            <list>
                <value>com.english.dictionary.models.WordEng</value>
                <value>com.english.dictionary.models.WordRus</value>
            </list>
        </property>
        <property name="hibernateProperties">
            <props>
                <prop key="hibernate.dialect">org.hibernate.dialect.MySQLDialect</prop>
                <prop key="hibernate.show_sql">true</prop>
            </props>
        </property>
    </bean>

    <!--BookDao and BookService Bean-->
    <bean id="processingEngWord" class="com.english.dictionary.dao.ProcessingWordEngFromBdImpl">
        <property name="sessionFactory" ref="hibernate4AnnotatedSessionFactory"/>
    </bean>

    <bean id="processingEngWordService" class="com.english.dictionary.services.ProcessingWordEngFromBdServiceImpl">
        <property name="processingEngWord" ref="processingEngWord"/>
    </bean>

    <tx:annotation-driven transaction-manager="transactionManager" />

    <bean id="transactionManager" class="org.springframework.orm.hibernate5.HibernateTransactionManager">
        <property name="sessionFactory" ref="hibernate4AnnotatedSessionFactory"/>
    </bean>

    <mvc:resources mapping="/static/**" location="/css/">
        <mvc:cache-control max-age="31536000"/>
        <mvc:resource-chain resource-cache="false">
            <mvc:resolvers>
                <mvc:version-resolver>
                    <mvc:content-version-strategy patterns="/**"/>
                </mvc:version-resolver>
            </mvc:resolvers>
        </mvc:resource-chain>
    </mvc:resources>

</beans>